﻿{"id":"24860457491821800001","name":"Http Server","type":"connectors","attribute":[{"name":"name","lable":"name","type":"text","defaultValue":null,"required":0,"description":"名称","sourceId":null,"sourceData":null},{"name":"port","lable":"port","type":"number","defaultValue":null,"required":0,"description":"端口号","sourceId":null,"sourceData":null},{"name":"host","lable":"host","type":"text","defaultValue":"0.0.0.0","required":0,"description":"主机","sourceId":null,"sourceData":null},{"name":"backlog","lable":"backlog","type":"number","defaultValue":null,"required":0,"description":null,"sourceId":null,"sourceData":null},{"name":"workerCount","lable":"workerCount","type":"number","defaultValue":null,"required":0,"description":null,"sourceId":null,"sourceData":null}],"dependence":"feature:install camel-netty4-http\norg.apache.camel.component.netty4.NettyServerBootstrapConfiguration","minimumVersion":"1.0.0","description":"Http 服务器"}
