﻿{"id":"24870939072610300001","name":"Netty Http","type":"components","attribute":[{"name":"url","lable":"url","type":"text","defaultValue":null,"required":0,"description":"链接地址","sourceId":null,"sourceData":null},{"name":"nettySharedHttpServer","lable":"nettySharedHttpServer","type":"select","defaultValue":null,"required":0,"description":"服务器ID","sourceId":null,"sourceData":null},{"name":"throwExceptionOnFailure","lable":"throwExceptionOnFailure","type":"text","defaultValue":null,"required":0,"description":null,"sourceId":null,"sourceData":null},{"name":"bridgeEndpoint","lable":"bridgeEndpoint","type":"text","defaultValue":null,"required":0,"description":null,"sourceId":null,"sourceData":null}],"dependence":"feature:install camel-netty-http\nnetty-http:http://localhost:8080[?options]","minimumVersion":"1.0.0","description":"Http路由，采用camel Netty HTTP组件"}
