﻿{"id":"24872173214710300002","name":"Properties","type":"components","attribute":[{"name":"cache","lable":"cache","type":"boolean","defaultValue":null,"required":0,"description":"是否缓存","sourceId":null,"sourceData":null},{"name":"encoding","lable":"encoding","type":"select","defaultValue":null,"required":0,"description":"字符编码","sourceId":null,"sourceData":"[{\"key\":\"ISO-8859-1\",\"value\":\"ISO-8859-1\"},{\"key\":\"UTF-8\",\"value\":\"UTF-8\"}]"}],"dependence":"properties:key[?options]","minimumVersion":"1.0.0","description":"属性组件有助于在端点URI定义中直接使用占位符。"}
