﻿{"id":"24871316890010300001","name":"Http Server Common","type":"connectors","attribute":[{"name":"name","lable":"name","type":"text","defaultValue":null,"required":0,"description":"名称","sourceId":null,"sourceData":null},{"name":"port","lable":"port","type":"number","defaultValue":null,"required":0,"description":"端口号","sourceId":null,"sourceData":null},{"name":"host","lable":"host","type":"text","defaultValue":"0.0.0.0","required":0,"description":"主机","sourceId":null,"sourceData":null},{"name":"backlog","lable":"backlog","type":"number","defaultValue":null,"required":0,"description":null,"sourceId":null,"sourceData":null}],"dependence":"feature:install camel-netty-http","minimumVersion":"1.0.0","description":"共享WEB服务器，仅用于Netty-http"}
