﻿{"id":"24872406791210300005","name":"WebSocket","type":"components","attribute":[{"name":"host","lable":"host","type":"text","defaultValue":null,"required":0,"description":"主机地址","sourceId":null,"sourceData":null},{"name":"port","lable":"port","type":"number","defaultValue":null,"required":0,"description":"主机端口","sourceId":null,"sourceData":null},{"name":"path","lable":"path","type":"text","defaultValue":null,"required":0,"description":"访问路径","sourceId":null,"sourceData":null}],"dependence":"feature:install camel-websocket\nwebsocket://hostname[:port][/resourceUri][?options]","minimumVersion":"1.0.0","description":"Websocket客户端"}
