﻿{"id":"24871200280710300000","name":"Sql","type":"components","attribute":[{"name":"dataSource","lable":"dataSource","type":"select","defaultValue":null,"required":0,"description":"数据源","sourceId":null,"sourceData":null},{"name":"sqlstr","lable":"sqlstr","type":"text","defaultValue":null,"required":1,"description":"sql语句","sourceId":null,"sourceData":null},{"name":"classpath","lable":"classpath","type":"text","defaultValue":null,"required":1,"description":"sql路径","sourceId":null,"sourceData":null},{"name":"outputType","lable":"outputType","type":"select","defaultValue":null,"required":0,"description":"输出结果","sourceId":null,"sourceData":"[{\"key\":\"SelectOne\",\"value\":\"SelectOne\"},{\"key\":\"SelectList\",\"value\":\"SelectList\"}]"}],"dependence":"feature:install camel-sql\nsql:select * from table where id=# order by name[?options]\nsql:classpath:sql/myquery.sql[?options]\n","minimumVersion":"1.0.0","description":"使用JDBC执行SQL查询"}
