﻿{"id":"24871830994810300005","name":"SFTP","type":"components","attribute":[{"name":"name","lable":"name","type":"text","defaultValue":null,"required":0,"description":"名称","sourceId":null,"sourceData":null},{"name":"hostname","lable":"hostname","type":"text","defaultValue":null,"required":0,"description":"主机地址","sourceId":null,"sourceData":null},{"name":"port","lable":"port","type":"number","defaultValue":null,"required":0,"description":"主机端口","sourceId":null,"sourceData":null},{"name":"username","lable":"username","type":"text","defaultValue":null,"required":0,"description":"用户名","sourceId":null,"sourceData":null},{"name":"password","lable":"password","type":"text","defaultValue":null,"required":0,"description":"密码","sourceId":null,"sourceData":null},{"name":"binary","lable":"binary","type":"select","defaultValue":"ASCII","required":0,"description":"文件传输方式","sourceId":null,"sourceData":"[{\"key\":\"ASCII\",\"value\":\"ASCII\"},{\"key\":\"BINARY\",\"value\":\"BINARY\"}]"}],"dependence":"feature:install camel-ftp\nsftp://[username@]hostname[:port]/directoryname[?options]","minimumVersion":"1.0.0","description":"提供访问远程文件系统上的SFTP协议。通过FTP安全（TLS和SSL）发送和接收文件"}
