﻿{"id":"24872070344410300000","name":"Mybatis","type":"components","attribute":[{"name":"dataSource","lable":"dataSource","type":"select","defaultValue":null,"required":0,"description":"数据源","sourceId":null,"sourceData":null},{"name":"classpath","lable":"classpath","type":"text","defaultValue":null,"required":0,"description":"Mybatis配置文件路径","sourceId":null,"sourceData":null},{"name":"statementType","lable":"statementType","type":"select","defaultValue":null,"required":0,"description":null,"sourceId":null,"sourceData":"[{\"key\":\"SelectOne\",\"value\":\"SelectOne\"},{\"key\":\"SelectList\",\"value\":\"SelectList\"},{\"key\":\"Insert\",\"value\":\"Insert\"},{\"key\":\"InsertList\",\"value\":\"InsertList\"},{\"key\":\"Update\",\"value\":\"Update\"},{\"key\":\"UpdateList\",\"value\":\"UpdateList\"},{\"key\":\"Delete\",\"value\":\"Delete\"},{\"key\":\"DeleteList\",\"value\":\"DeleteList\"}]"}],"dependence":"feature:install camel-mybatis\nmybatis:statementName[?options]\nmybatis:selectAllAccounts?delay=60000\nmybatis:myModel.insert?statementType=Insert","minimumVersion":"1.0.0","description":"Mybatis数据库组件"}
