﻿{"id":"24872556403810300006","name":"Redis","type":"components","attribute":[{"name":"command","lable":"command","type":"select","defaultValue":null,"required":0,"description":"命令","sourceId":null,"sourceData":null},{"name":"key","lable":"key","type":"text","defaultValue":null,"required":1,"description":"主键","sourceId":null,"sourceData":null},{"name":"field","lable":"field","type":"text","defaultValue":null,"required":0,"description":"字段","sourceId":null,"sourceData":null},{"name":"value","lable":"value","type":"text","defaultValue":null,"required":0,"description":"值","sourceId":null,"sourceData":null},{"name":"timeout","lable":"timeout","type":"number","defaultValue":null,"required":0,"description":"超时","sourceId":null,"sourceData":null},{"name":"index","lable":"index","type":"number","defaultValue":null,"required":0,"description":"数据库索引","sourceId":null,"sourceData":null}],"dependence":"spring-redis://host:port[?options]","minimumVersion":"1.0.0","description":"Redis消费组件"}
