﻿{"id":"24872262463310300003","name":"SSH","type":"components","attribute":[{"name":"username","lable":"username","type":"text","defaultValue":null,"required":0,"description":"登陆用户","sourceId":null,"sourceData":null},{"name":"password","lable":"password","type":"text","defaultValue":null,"required":0,"description":"登陆密码","sourceId":null,"sourceData":null},{"name":"host","lable":"host","type":"text","defaultValue":null,"required":0,"description":"主机地址","sourceId":null,"sourceData":null},{"name":"port","lable":"port","type":"number","defaultValue":null,"required":0,"description":"主机端口","sourceId":null,"sourceData":null},{"name":"keyType","lable":"keyType","type":"select","defaultValue":"ssh-rsa","required":0,"description":"装载密钥类型","sourceId":null,"sourceData":"[{\"key\":\"ssh-rsa\",\"value\":\"ssh-rsa\"},{\"key\":\"ssh-dss\",\"value\":\"ssh-dss\"}]"},{"name":"timeout","lable":"timeout","type":"number","defaultValue":"30000","required":0,"description":"超时","sourceId":null,"sourceData":null}],"dependence":"feature:install camel-ssh\nssh:[username[:password]@]host[:port][?options]","minimumVersion":"1.0.0","description":"用于向SSH服务器发送命令"}
