﻿{"id":"24870991471610300002","name":"Netty4 Http","type":"components","attribute":[{"name":"url","lable":"url","type":"text","defaultValue":null,"required":0,"description":"链接地址","sourceId":null,"sourceData":null},{"name":"bootstrapConfiguration","lable":"bootstrapConfiguration","type":"select","defaultValue":null,"required":0,"description":"服务器配置","sourceId":null,"sourceData":null},{"name":"throwExceptionOnFailure","lable":"throwExceptionOnFailure","type":"text","defaultValue":null,"required":0,"description":null,"sourceId":null,"sourceData":null},{"name":"bridgeEndpoint","lable":"bridgeEndpoint","type":"text","defaultValue":null,"required":0,"description":null,"sourceId":null,"sourceData":null}],"dependence":"feature:install camel-netty4-http\nnetty4-http:http://localhost:8080[?options]","minimumVersion":"1.0.0","description":"Http路由，采用camel Netty4 HTTP组件"}
