[{"id":"233324443","icon":"fa fa-folder","name":"应用名称一","children":[{"id":"2333233","name":"交易码yt32333","icon":"fa fa-circle-o"},{"id":"23337233","name":"交易码yt6455","icon":"fa fa-circle-o"},{"id":"23337233","name":"交易码ct6455","icon":"fa fa-circle-o"}]},
{"id":"2333244433","icon":"fa fa-folder","name":"应用名称二","children":[{"id":"2333565233","name":"交易码vtb33233","icon":"fa fa-circle-o"},{"id":"23337233","name":"交易码g6455","icon":"fa fa-circle-o"},{"id":"23337233","name":"交易码f36455","icon":"fa fa-circle-o"}]},
{"id":"2333244413","icon":"fa fa-folder","name":"应用名称三","children":[{"id":"2333733","name":"交易码hjb33233","icon":"fa fa-circle-o"},{"id":"23337233","name":"交易码gty6455","icon":"fa fa-circle-o"},{"id":"23337233","name":"交易码fhj36455","icon":"fa fa-circle-o"}]}]