{ "id": "23337233", "name": "交易码g6455", "icon": "fa fa-circle-o", "width": "2000", "height": "2000", "flow": [ { "type": "Ellipse", "nodeId": "node-93599307", "nodeStyle": { "x": 435, "y": 74, "width": 120, "height": 70, "borderWidth": "2px", "borderColor": "rgb(51, 51, 51)", "borderRadius": "0px", "background": "rgb(255, 255, 255)", "font": { "fontSize": "14px", "color": "rgb(51, 51, 51)", "fontWeight": "400" } }, "sourceEndPoint": [ { "type": "source", "position": "Right", "uuid": "node-93599307-out-3968724" } ], "targetEndPoint": [ { "type": "target", "position": "Left", "uuid": "node-93599307-out-2740386" } ], "content": "DataBase", "propertys": { "name": "3", "url": "3", "username": "3", "password": "3", "initialSize": "5", "maxActive": "20", "minIdle": "5", "connectionpool": "druid " }, "groupId": "24870870259010300000" }, { "type": "Prismatic", "nodeId": "node-32114631", "nodeStyle": { "x": 431, "y": 319, "width": 120, "height": 70, "borderWidth": 2, "borderColor": "rgb(51, 51, 51)", "borderRadius": "0px", "background": "rgb(255, 255, 255)", "font": { "fontSize": "14px", "color": "rgb(51, 51, 51)", "fontWeight": "400" } }, "sourceEndPoint": [ { "type": "source", "position": "Right", "uuid": "node-32114631-out-33133" } ], "targetEndPoint": [ { "type": "target", "position": "Left", "uuid": "node-32114631-out-2657460" } ], "content": "Http Server Common", "propertys": { "name": "3", "port": "3", "host": "0.0.0.0", "backlog": "3" }, "groupId": "24871316890010300001" }, { "type": "Ellipse", "nodeId": "node-4041818", "nodeStyle": { "x": 435, "y": 205, "width": 120, "height": 70, "borderWidth": "2px", "borderColor": "rgb(51, 51, 51)", "borderRadius": "0px", "background": "rgb(51, 51, 51)", "font": { "fontSize": "14px", "color": "rgb(255, 255, 255)", "fontWeight": "400" } }, "sourceEndPoint": [ { "type": "source", "position": "Right", "uuid": "node-4041818-out-6548065" } ], "targetEndPoint": [ { "type": "target", "position": "Left", "uuid": "node-4041818-out-6732359" } ], "content": "Redis Server", "propertys": { "host": "3", "port": "3" }, "groupId": "24872593185910300007" }, { "type": "Prismatic", "nodeId": "node-61203568", "nodeStyle": { "width": 120, "height": 70, "x": 430, "y": 451, "borderWidth": 2, "borderColor": "rgb(51, 51, 51)", "background": "rgb(51, 51, 51)", "font": { "color": "rgb(255, 255, 255)", "fontSize": "14px", "fontWeight": "400" } }, "sourceEndPoint": [ { "type": "source", "position": "Right", "uuid": "node-61203568-out-3410206" } ], "targetEndPoint": [ { "type": "target", "position": "Left", "uuid": "node-61203568-out-5163338" } ], "content": "MongoDB Serevr", "propertys": { "host": "3", "port": "3", "username": "3", "password": "3" }, "groupId": "24872645901810300009" }, { "type": "Rect", "nodeId": "node-20716087", "nodeStyle": { "x": 787, "y": 152, "width": 120, "height": 70, "borderWidth": "2px", "borderColor": "rgb(51, 51, 51)", "borderRadius": "0px", "background": "rgb(255, 255, 255)", "font": { "fontSize": "14px", "color": "rgb(51, 51, 51)", "fontWeight": "400" } }, "sourceEndPoint": [], "targetEndPoint": [ { "type": "target", "position": "Left", "uuid": "node-20716087-out-3129421" } ], "content": "<div class='node-mode-wrap'><div class='node-mode-icon'><i class='el-icon-picture-outline'></i></div><div class='node-mode-content'>ActiveMQ Serevr</div></div>", "propertys": { "username": "33", "password": "3", "host": "3", "port": "3" }, "groupId": "24872625893810300008" }, { "type": "Rect", "nodeId": "node-31907619", "nodeStyle": { "x": 788, "y": 317, "width": 120, "height": 70, "borderWidth": "2px", "borderColor": "rgb(51, 51, 51)", "borderRadius": "0px", "background": "rgb(51, 51, 51)", "font": { "fontSize": "14px", "color": "rgb(255, 255, 255)", "fontWeight": "400" } }, "sourceEndPoint": [], "targetEndPoint": [ { "type": "target", "position": "Left", "uuid": "node-31907619-out-3412120" } ], "content": "<div class='node-mode-wrap dark'><div class='node-mode-icon'><i class='el-icon-picture-outline'></i></div><div class='node-mode-content'>WebService Server</div></div>", "propertys": {}, "groupId": "24873096693110300026" }, { "type": "Rect", "nodeId": "node-36712157", "nodeStyle": { "x": 51, "y": 929, "width": 120, "height": 70, "borderWidth": "2px", "borderColor": "rgb(51, 51, 51)", "borderRadius": "0px", "background": "rgb(255, 255, 255)", "font": { "fontSize": "14px", "color": "rgb(51, 51, 51)", "fontWeight": "400" } }, "sourceEndPoint": [ { "type": "source", "position": "Right", "uuid": "node-36712157-out-1310271" } ], "targetEndPoint": [], "content": "Http Server", "propertys": { "name": "33", "port": "3", "host": "0.0.0.0", "backlog": "3", "workerCount": "3" }, "groupId": "24860457491821800001" }, { "type": "Rect", "nodeId": "node-53166173", "nodeStyle": { "x": 523, "y": 609, "width": 120, "height": 70, "borderWidth": "2px", "borderColor": "rgb(51, 51, 51)", "borderRadius": "0px", "background": "rgb(255, 255, 255)", "font": { "fontSize": "14px", "color": "rgb(51, 51, 51)", "fontWeight": "400" } }, "sourceEndPoint": [ { "type": "source", "position": "Right", "uuid": "node-53166173-out-1988447" } ], "targetEndPoint": [ { "type": "target", "position": "Left", "uuid": "node-53166173-out-9831081" } ], "content": "Kafka Server", "propertys": {}, "groupId": "24873196129910300005" }, { "type": "Rect", "nodeId": "node-53605890", "nodeStyle": { "x": 524, "y": 700, "width": 120, "height": 70, "borderWidth": "2px", "borderColor": "rgb(51, 51, 51)", "borderRadius": "0px", "background": "rgb(255, 255, 255)", "font": { "fontSize": "14px", "color": "rgb(51, 51, 51)", "fontWeight": "400" } }, "sourceEndPoint": [ { "type": "source", "position": "Right", "uuid": "node-53605890-out-2447189" } ], "targetEndPoint": [ { "type": "target", "position": "Left", "uuid": "node-53605890-out-2489264" } ], "content": "Kafka Server", "propertys": {}, "groupId": "24873196129910300005" }, { "type": "Rect", "nodeId": "node-79388985", "nodeStyle": { "x": 524, "y": 792, "width": 120, "height": 70, "borderWidth": "2px", "borderColor": "rgb(51, 51, 51)", "borderRadius": "0px", "background": "rgb(255, 255, 255)", "font": { "fontSize": "14px", "color": "rgb(51, 51, 51)", "fontWeight": "400" } }, "sourceEndPoint": [ { "type": "source", "position": "Right", "uuid": "node-79388985-out-9731071" } ], "targetEndPoint": [ { "type": "target", "position": "Left", "uuid": "node-79388985-out-7801744" } ], "content": "Kafka Server", "propertys": {}, "groupId": "24873196129910300005" }, { "type": "Rect", "nodeId": "node-42225891", "nodeStyle": { "x": 523, "y": 888, "width": 120, "height": 70, "borderWidth": "2px", "borderColor": "rgb(51, 51, 51)", "borderRadius": "0px", "background": "rgb(255, 255, 255)", "font": { "fontSize": "14px", "color": "rgb(51, 51, 51)", "fontWeight": "400" } }, "sourceEndPoint": [ { "type": "source", "position": "Right", "uuid": "node-42225891-out-2158200" } ], "targetEndPoint": [ { "type": "target", "position": "Left", "uuid": "node-42225891-out-6245363" } ], "content": "Kafka Server", "propertys": {}, "groupId": "24873196129910300005" }, { "type": "Rect", "nodeId": "node-41875075", "nodeStyle": { "x": 523, "y": 981, "width": 120, "height": 70, "borderWidth": "2px", "borderColor": "rgb(51, 51, 51)", "borderRadius": "0px", "background": "rgb(255, 255, 255)", "font": { "fontSize": "14px", "color": "rgb(51, 51, 51)", "fontWeight": "400" } }, "sourceEndPoint": [ { "type": "source", "position": "Right", "uuid": "node-41875075-out-71257" } ], "targetEndPoint": [ { "type": "target", "position": "Left", "uuid": "node-41875075-out-4571533" } ], "content": "Kafka Server", "propertys": {}, "groupId": "24873196129910300005" }, { "type": "Rect", "nodeId": "node-20917252", "nodeStyle": { "x": 523, "y": 1073, "width": 120, "height": 70, "borderWidth": "2px", "borderColor": "rgb(51, 51, 51)", "borderRadius": "0px", "background": "rgb(255, 255, 255)", "font": { "fontSize": "14px", "color": "rgb(51, 51, 51)", "fontWeight": "400" } }, "sourceEndPoint": [ { "type": "source", "position": "Right", "uuid": "node-20917252-out-9321257" } ], "targetEndPoint": [ { "type": "target", "position": "Left", "uuid": "node-20917252-out-3319916" } ], "content": "Kafka Server", "propertys": {}, "groupId": "24873196129910300005" }, { "type": "Rect", "nodeId": "node-86696952", "nodeStyle": { "x": 525, "y": 1169, "width": 120, "height": 70, "borderWidth": "2px", "borderColor": "rgb(51, 51, 51)", "borderRadius": "0px", "background": "rgb(255, 255, 255)", "font": { "fontSize": "14px", "color": "rgb(51, 51, 51)", "fontWeight": "400" } }, "sourceEndPoint": [ { "type": "source", "position": "Right", "uuid": "node-86696952-out-4798607" } ], "targetEndPoint": [ { "type": "target", "position": "Left", "uuid": "node-86696952-out-4036435" } ], "content": "Kafka Server", "propertys": {}, "groupId": "24873196129910300005" }, { "type": "Rect", "nodeId": "node-60030533", "nodeStyle": { "x": 524, "y": 1263, "width": 120, "height": 70, "borderWidth": "2px", "borderColor": "rgb(51, 51, 51)", "borderRadius": "0px", "background": "rgb(255, 255, 255)", "font": { "fontSize": "14px", "color": "rgb(51, 51, 51)", "fontWeight": "400" } }, "sourceEndPoint": [ { "type": "source", "position": "Right", "uuid": "node-60030533-out-6162217" } ], "targetEndPoint": [ { "type": "target", "position": "Left", "uuid": "node-60030533-out-9425717" } ], "content": "Kafka Server", "propertys": {}, "groupId": "24873196129910300005" }, { "type": "Rect", "nodeId": "node-16629854", "nodeStyle": { "x": 942, "y": 925, "width": 120, "height": 70, "borderWidth": "2px", "borderColor": "rgb(51, 51, 51)", "borderRadius": "0px", "background": "rgb(51, 51, 51)", "font": { "fontSize": "14px", "color": "rgb(255, 255, 255)", "fontWeight": "400" } }, "sourceEndPoint": [], "targetEndPoint": [ { "type": "target", "position": "Left", "uuid": "node-16629854-out-7964854" } ], "content": "<div class='node-mode-wrap dark'><div class='node-mode-icon'><i class='el-icon-picture-outline'></i></div><div class='node-mode-content'>WebService Server</div></div>", "propertys": {}, "groupId": "24873096693110300026" }, { "type": "Note", "nodeId": "node-31481915", "nodeStyle": { "x": 966, "y": 38, "width": 263, "height": 189, "borderWidth": "1px", "borderColor": "rgb(255, 229, 79)", "borderRadius": "3px", "background": "rgb(255, 246, 181)", "font": { "fontSize": "12px", "color": "rgb(181, 63, 0)", "fontWeight": "400" } }, "sourceEndPoint": [], "targetEndPoint": [], "content": "设计中最重要的一点是明确设计目的，企业理念高于创意和先于创意，必须先明确企业的理念，设计师再制定设计创意，才能作出绝妙的设计，总之最终设计作品要具备企业的气质形态，并且可以给不同视觉受众群以不同的美好联想。", "propertys": {}, "groupId": "000000" }, { "type": "Rect", "nodeId": "node-68631218", "nodeStyle": { "x": 105, "y": 237, "width": 100, "height": 100, "borderWidth": "2px", "borderColor": "rgb(51, 51, 51)", "borderRadius": "0px", "background": "rgb(255, 255, 255)", "font": { "fontSize": "14px", "color": "rgb(51, 51, 51)", "fontWeight": "400" } }, "sourceEndPoint": [ { "type": "source", "position": "Right", "uuid": "node-68631218-out-5768263" } ], "targetEndPoint": [], "content": "<div class='node-mode-wrap full'><div class='node-mode-icon'><i class='fa fa-users'></i></div>Quartz</div>", "propertys": { "name": "3", "cron": "", "groupName": "3", "repeatCount": "3", "repeatInterval": "3" }, "groupId": "24871433794310300000" }, { "type": "Line", "sourceId": "node-36712157", "targetId": "node-53166173", "sourceEndPointUuid": "node-36712157-out-1310271", "targetEndPointUuid": "node-53166173-out-9831081", "label": "" }, { "type": "Line", "sourceId": "node-36712157", "targetId": "node-53605890", "sourceEndPointUuid": "node-36712157-out-1310271", "targetEndPointUuid": "node-53605890-out-2489264", "label": "" }, { "type": "Line", "sourceId": "node-36712157", "targetId": "node-79388985", "sourceEndPointUuid": "node-36712157-out-1310271", "targetEndPointUuid": "node-79388985-out-7801744", "label": "" }, { "type": "Line", "sourceId": "node-36712157", "targetId": "node-42225891", "sourceEndPointUuid": "node-36712157-out-1310271", "targetEndPointUuid": "node-42225891-out-6245363", "label": "" }, { "type": "Line", "sourceId": "node-36712157", "targetId": "node-41875075", "sourceEndPointUuid": "node-36712157-out-1310271", "targetEndPointUuid": "node-41875075-out-4571533", "label": "" }, { "type": "Line", "sourceId": "node-36712157", "targetId": "node-20917252", "sourceEndPointUuid": "node-36712157-out-1310271", "targetEndPointUuid": "node-20917252-out-3319916", "label": "" }, { "type": "Line", "sourceId": "node-36712157", "targetId": "node-86696952", "sourceEndPointUuid": "node-36712157-out-1310271", "targetEndPointUuid": "node-86696952-out-4036435", "label": "" }, { "type": "Line", "sourceId": "node-36712157", "targetId": "node-60030533", "sourceEndPointUuid": "node-36712157-out-1310271", "targetEndPointUuid": "node-60030533-out-9425717", "label": "" }, { "type": "Line", "sourceId": "node-53166173", "targetId": "node-16629854", "sourceEndPointUuid": "node-53166173-out-1988447", "targetEndPointUuid": "node-16629854-out-7964854", "label": "" }, { "type": "Line", "sourceId": "node-53605890", "targetId": "node-16629854", "sourceEndPointUuid": "node-53605890-out-2447189", "targetEndPointUuid": "node-16629854-out-7964854", "label": "" }, { "type": "Line", "sourceId": "node-79388985", "targetId": "node-16629854", "sourceEndPointUuid": "node-79388985-out-9731071", "targetEndPointUuid": "node-16629854-out-7964854", "label": "" }, { "type": "Line", "sourceId": "node-42225891", "targetId": "node-16629854", "sourceEndPointUuid": "node-42225891-out-2158200", "targetEndPointUuid": "node-16629854-out-7964854", "label": "" }, { "type": "Line", "sourceId": "node-41875075", "targetId": "node-16629854", "sourceEndPointUuid": "node-41875075-out-71257", "targetEndPointUuid": "node-16629854-out-7964854", "label": "" }, { "type": "Line", "sourceId": "node-20917252", "targetId": "node-16629854", "sourceEndPointUuid": "node-20917252-out-9321257", "targetEndPointUuid": "node-16629854-out-7964854", "label": "" }, { "type": "Line", "sourceId": "node-86696952", "targetId": "node-16629854", "sourceEndPointUuid": "node-86696952-out-4798607", "targetEndPointUuid": "node-16629854-out-7964854", "label": "" }, { "type": "Line", "sourceId": "node-60030533", "targetId": "node-16629854", "sourceEndPointUuid": "node-60030533-out-6162217", "targetEndPointUuid": "node-16629854-out-7964854", "label": "" }, { "type": "Line", "sourceId": "node-68631218", "targetId": "node-93599307", "sourceEndPointUuid": "node-68631218-out-5768263", "targetEndPointUuid": "node-93599307-out-2740386", "label": "" }, { "type": "Line", "sourceId": "node-68631218", "targetId": "node-4041818", "sourceEndPointUuid": "node-68631218-out-5768263", "targetEndPointUuid": "node-4041818-out-6732359", "label": "" }, { "type": "Line", "sourceId": "node-68631218", "targetId": "node-32114631", "sourceEndPointUuid": "node-68631218-out-5768263", "targetEndPointUuid": "node-32114631-out-2657460", "label": "" }, { "type": "Line", "sourceId": "node-68631218", "targetId": "node-61203568", "sourceEndPointUuid": "node-68631218-out-5768263", "targetEndPointUuid": "node-61203568-out-5163338", "label": "" }, { "type": "Line", "sourceId": "node-32114631", "targetId": "node-31907619", "sourceEndPointUuid": "node-32114631-out-33133", "targetEndPointUuid": "node-31907619-out-3412120", "label": "" }, { "type": "Line", "sourceId": "node-61203568", "targetId": "node-31907619", "sourceEndPointUuid": "node-61203568-out-3410206", "targetEndPointUuid": "node-31907619-out-3412120", "label": "" }, { "type": "Line", "sourceId": "node-4041818", "targetId": "node-20716087", "sourceEndPointUuid": "node-4041818-out-6548065", "targetEndPointUuid": "node-20716087-out-3129421", "label": "线程二" }, { "type": "Line", "sourceId": "node-93599307", "targetId": "node-20716087", "sourceEndPointUuid": "node-93599307-out-3968724", "targetEndPointUuid": "node-20716087-out-3129421", "label": "线程一" } ] }
