[{
    "name": "Note",
    "data":[
        {
            "id": "000000",
            "name": "Note",
            "mode":"mode-0",
            "icon":"fa fa-clipboard"
        }
    ]
},
    {
        "name": "connectors",
        "data": [
            
            {
                "id": "24860457491821800001",
                "name": "Http Server",
                "mode":"mode-1",
                "icon":"fa fa-clipboard"
            },
            {
                "id": "24870870259010300000",
                "name": "DataBase",
                "mode":"mode-2",
                "icon":"fa fa-building"
            },
            {
                "id": "24871316890010300001",
                "name": "Http Server Common",
                "mode":"mode-3",
                "icon":"fa fa-building"
            },
            {
                "id": "24872392789910300004",
                "name": "WebSocket Server",
                "mode":"mode-4",
                "icon":"fa fa-building"
            },
            {
                "id": "24872593185910300007",
                "name": "Redis Server",
                "mode":"mode-5",
                "icon":"fa fa-building"
            },
            {
                "id": "24872645901810300009",
                "name": "MongoDB Serevr",
                "mode":"mode-6",
                "icon":"fa fa-building"
            },
            {
                "id": "24872625893810300008",
                "name": "ActiveMQ Serevr",
                "mode":"mode-7",
                "icon":"fa fa-building"
            },
            {
                "id": "24873096693110300026",
                "name": "WebService Server",
                "mode":"mode-8",
                "icon":"fa fa-building"
            },
            {
                "id": "24873196129910300005",
                "name": "Kafka Server",
                "mode":"mode-9",
                "icon":"fa fa-building"
            }
        ]
    },
    {
        "name": "components",
        "data": [
            {
                "id": "24871282837510300000",
                "name": "Jdbc",
                "mode":"mode-10",
                "icon":"fa fa-building"
            },
            {
                "id": "24871433794310300000",
                "name": "Quartz",
                "mode":"mode-11",
                "icon":"fa fa-building"
            },
            {
                "id": "24871539487510300002",
                "name": "TCP",
                "mode":"mode-2",
                "icon":"fa fa-building"
            },
            {
                "id": "24870991471610300002",
                "name": "Netty4 Http",
                "mode":"mode-2",
                "icon":"fa fa-building"
            },
            {
                "id": "24870939072610300001",
                "name": "Netty Http",
                "mode":"mode-2",
                "icon":"fa fa-building"
            },
            {
                "id": "24871200280710300000",
                "name": "Sql",
                "mode":"mode-2",
                "icon":"fa fa-building"
            },
            {
                "id": "24871505478410300001",
                "name": "MongoDB",
                "mode":"mode-2",
                "icon":"fa fa-building"
            },
            {
                "id": "24871698691610300003",
                "name": "Email",
                "mode":"mode-2",
                "icon":"fa fa-building"
            },
            {
                "id": "24871905209910300006",
                "name": "Exec",
                "mode":"mode-2",
                "icon":"fa fa-building"
            },
            {
                "id": "24871964037410300007",
                "name": "FreeMarker",
                "mode":"mode-2",
                "icon":"fa fa-building"
            },
            {
                "id": "24872070344410300000",
                "name": "Mybatis",
                "mode":"mode-2",
                "icon":"fa fa-building"
            },
            {
                "id": "24872137803510300001",
                "name": "PDF",
                "mode":"mode-2",
                "icon":"fa fa-building"
            },
            {
                "id": "24872173214710300002",
                "name": "Properties",
                "mode":"mode-2",
                "icon":"fa fa-building"
            },
            {
                "id": "24872262463310300003",
                "name": "SSH",
                "mode":"mode-2",
                "icon":"fa fa-building"
            },
            {
                "id": "24872406791210300005",
                "name": "WebSocket",
                "mode":"mode-2",
                "icon":"fa fa-building"
            },
            {
                "id": "24872556403810300006",
                "name": "Redis",
                "mode":"mode-2",
                "icon":"fa fa-building"
            },
            {
                "id": "24872977060710300010",
                "name": "ActiveMQ",
                "mode":"mode-2",
                "icon":"fa fa-building"
            },
            {
                "id": "24873074009410300021",
                "name": "Stream",
                "mode":"mode-2",
                "icon":"fa fa-building"
            },
            {
                "id": "24873088982010300024",
                "name": "CXF",
                "mode":"mode-2",
                "icon":"fa fa-building"
            },
            {
                "id": "24873092618010300025",
                "name": "Logger",
                "mode":"mode-2",
                "icon":"fa fa-building"
            },
            {
                "id": "24873100614110300027",
                "name": "WebService",
                "mode":"mode-2",
                "icon":"fa fa-building"
            },
            {
                "id": "24873109568110300028",
                "name": "Bean",
                "mode":"mode-2",
                "icon":"fa fa-building"
            },
            {
                "id": "24873113660110300029",
                "name": "Timer",
                "mode":"mode-2",
                "icon":"fa fa-building"
            },
            {
                "id": "24873168132810300000",
                "name": "Bluetooth",
                "mode":"mode-2",
                "icon":"fa fa-building"
            },
            {
                "id": "24873171473510300001",
                "name": "Zookeeper ",
                "mode":"mode-2",
                "icon":"fa fa-building"
            },
            {
                "id": "24873180604110300003",
                "name": "Printer",
                "mode":"mode-2",
                "icon":"fa fa-building"
            },
            {
                "id": "24873184946710300004",
                "name": "Lucene",
                "mode":"mode-2",
                "icon":"fa fa-building"
            },
            {
                "id": "24871803133610300004",
                "name": "FTP",
                "mode":"mode-2",
                "icon":"fa fa-building"
            },
            {
                "id": "24871830994810300005",
                "name": "SFTP",
                "mode":"mode-2",
                "icon":"fa fa-building"
            },
            {
                "id": "24873205374610300006",
                "name": "Kafka",
                "mode":"mode-2",
                "icon":"fa fa-building"
            },
            {
                "id": "24873212327810300007",
                "name": "File",
                "mode":"mode-2",
                "icon":"fa fa-building"
            }
        ]
    },
    {
        "name": "transformers",
        "data": [
            {
                "id": "24873043606010300018",
                "name": "Dozer",
                "mode":"mode-3",
                "icon":"fa fa-building"
            },
            {
                "id": "24873078666210300022",
                "name": "StringTemplate",
                "mode":"mode-3",
                "icon":"fa fa-building"
            }
        ]
    },
    {
        "name": "filters",
        "data": []
    },
    {
        "name": "control",
        "data": [
            {
                "id": "24873010392110300011",
                "name": "Choice",
                "mode":"mode-4",
                "icon":"fa fa-building"
            },
            {
                "id": "24873012902710300012",
                "name": "When",
                "mode":"mode-4",
                "icon":"fa fa-building"
            },
            {
                "id": "24873016291310300013",
                "name": "Otherwise",
                "mode":"mode-4",
                "icon":"fa fa-building"
            },
            {
                "id": "24873022664710300014",
                "name": "Multicast",
                "mode":"mode-4",
                "icon":"fa fa-building"
            },
            {
                "id": "24873025434910300015",
                "name": "Loop",
                "mode":"mode-4",
                "icon":"fa fa-building"
            },
            {
                "id": "24873028429010300016",
                "name": "Splitter",
                "mode":"mode-4",
                "icon":"fa fa-building"
            },
            {
                "id": "24873030823110300017",
                "name": "Aggregator",
                "mode":"mode-4",
                "icon":"fa fa-building"
            },
            {
                "id": "24873174323710300002",
                "name": "Activiti",
                "mode":"mode-5",
                "icon":"fa fa-building"
            }
        ]
    },
    {
        "name": "security",
        "data": [
            {
                "id": "24873239880810300008",
                "name": "Login Validate",
                "mode":"mode-5",
                "icon":"fa fa-building"
            }
        ]
    },
    {
        "name": "handling",
        "data": []
    },
    {
        "name": "scopes",
        "data": [
            {
                "id": "24873054278210300019",
                "name": "Direct",
                "mode":"mode-5",
                "icon":"fa fa-building"
            },
            {
                "id": "24873063884710300020",
                "name": "VM",
                "mode":"mode-5",
                "icon":"fa fa-building"
            },
            {
                "id": "24873084042710300023",
                "name": "Context",
                "mode":"mode-5",
                "icon":"fa fa-building"
            }
        ]
    }
]