{
    "id": "23337233",
    "name": "交易码g6455",
    "icon": "fa fa-circle-o",
    "width": "2000",
    "height": "2000",
    "flow": [{
        "type": "Rect",
        "nodeId": "node-46935667",
        "nodeStyle": {
            "width": 120,
            "height": 70,
            "x": 112,
            "y": 284,
            "borderWidth": "2px",
            "borderColor": "rgb(51, 51, 51)",
            "background": "rgb(255, 255, 255)",
            "borderRadius": "0px",
            "font": {
                "color": "rgb(51, 51, 51)",
                "fontSize": "14px",
                "fontWeight": "400"
            }
        },
        "sourceEndPoint": [{
            "type": "source",
            "position": "Right",
            "uuid": "node-46935667-out-4414297"
        }],
        "targetEndPoint": [{
            "type": "target",
            "position": "Left",
            "uuid": "node-46935667-out-2243518"
        }],
        "content": "Http Server",
        "propertys": {
            "name": "33",
            "port": "3",
            "host": "0.0.0.0",
            "backlog": "3",
            "workerCount": "3"
        },
        "groupId": "24860457491821800001"
    }, {
        "type": "Ellipse",
        "nodeId": "node-70357032",
        "nodeStyle": {
            "width": 120,
            "height": 70,
            "x": 413,
            "y": 193,
            "borderWidth": "2px",
            "borderColor": "rgb(51, 51, 51)",
            "background": "rgb(51, 51, 51)",
            "font": {
                "color": "rgb(255, 255, 255)",
                "fontSize": "14px",
                "fontWeight": "400"
            }
        },
        "sourceEndPoint": [{
            "type": "source",
            "position": "Right",
            "uuid": "node-70357032-out-3624026"
        }],
        "targetEndPoint": [{
            "type": "target",
            "position": "Left",
            "uuid": "node-70357032-out-2281996"
        }],
        "content": "Direct",
        "propertys": {},
        "groupId": "24873054278210300019"
    }, {
        "type": "Ellipse",
        "nodeId": "node-20233888",
        "nodeStyle": {
            "width": 120,
            "height": 70,
            "x": 787,
            "y": 47,
            "borderWidth": "2px",
            "borderColor": "rgb(51, 51, 51)",
            "background": "rgb(51, 51, 51)",
            "font": {
                "color": "rgb(255, 255, 255)",
                "fontSize": "14px",
                "fontWeight": "400"
            }
        },
        "sourceEndPoint": [{
            "type": "source",
            "position": "Right",
            "uuid": "node-20233888-out-2062503"
        }],
        "targetEndPoint": [{
            "type": "target",
            "position": "Left",
            "uuid": "node-20233888-out-258365"
        }],
        "content": "Direct",
        "propertys": {},
        "groupId": "24873054278210300019"
    }, {
        "type": "Ellipse",
        "nodeId": "node-61422046",
        "nodeStyle": {
            "x": 423,
            "y": 512,
            "width": 120,
            "height": 70,
            "borderWidth": "2px",
            "borderColor": "#333333",
            "borderRadius": "0px",
            "background": "#333333",
            "font": {
                "fontSize": "14px",
                "color": "#ffffff",
                "fontWeight": "400"
            }
        },
        "sourceEndPoint": [{
            "type": "source",
            "position": "Right",
            "uuid": "node-61422046-out-2396848"
        }],
        "targetEndPoint": [{
            "type": "target",
            "position": "Left",
            "uuid": "node-61422046-out-8832221"
        }],
        "content": "Direct",
        "propertys": {},
        "groupId": "24873054278210300019"
    }, {
        "type": "Ellipse",
        "nodeId": "node-45883148",
        "nodeStyle": {
            "x": 747,
            "y": 246,
            "width": 120,
            "height": 70,
            "borderWidth": "2px",
            "borderColor": "#333333",
            "borderRadius": "0px",
            "background": "#333333",
            "font": {
                "fontSize": "14px",
                "color": "#ffffff",
                "fontWeight": "400"
            }
        },
        "sourceEndPoint": [{
            "type": "source",
            "position": "Right",
            "uuid": "node-45883148-out-5032746"
        }],
        "targetEndPoint": [{
            "type": "target",
            "position": "Left",
            "uuid": "node-45883148-out-3086396"
        }],
        "content": "Direct",
        "propertys": {},
        "groupId": "24873054278210300019"
    }, {
        "type": "Ellipse",
        "nodeId": "node-76729998",
        "nodeStyle": {
            "x": 721,
            "y": 456,
            "width": 120,
            "height": 70,
            "borderWidth": "2px",
            "borderColor": "#333333",
            "borderRadius": "0px",
            "background": "#333333",
            "font": {
                "fontSize": "14px",
                "color": "#ffffff",
                "fontWeight": "400"
            }
        },
        "sourceEndPoint": [{
            "type": "source",
            "position": "Right",
            "uuid": "node-76729998-out-8182290"
        }],
        "targetEndPoint": [{
            "type": "target",
            "position": "Left",
            "uuid": "node-76729998-out-7631960"
        }],
        "content": "Direct",
        "propertys": {},
        "groupId": "24873054278210300019"
    }, {
        "type": "Ellipse",
        "nodeId": "node-26808238",
        "nodeStyle": {
            "x": 670,
            "y": 617,
            "width": 120,
            "height": 70,
            "borderWidth": "2px",
            "borderColor": "#333333",
            "borderRadius": "0px",
            "background": "#333333",
            "font": {
                "fontSize": "14px",
                "color": "#ffffff",
                "fontWeight": "400"
            }
        },
        "sourceEndPoint": [{
            "type": "source",
            "position": "Right",
            "uuid": "node-26808238-out-8945998"
        }],
        "targetEndPoint": [{
            "type": "target",
            "position": "Left",
            "uuid": "node-26808238-out-4301204"
        }],
        "content": "Direct",
        "propertys": {},
        "groupId": "24873054278210300019"
    }, {
        "type": "Line",
        "sourceId": "node-46935667",
        "targetId": "node-70357032",
        "sourceEndPointUuid": "node-46935667-out-4414297",
        "targetEndPointUuid": "node-70357032-out-2281996",
        "label": "label"
    }, {
        "type": "Line",
        "sourceId": "node-46935667",
        "targetId": "node-61422046",
        "sourceEndPointUuid": "node-46935667-out-4414297",
        "targetEndPointUuid": "node-61422046-out-8832221",
        "label": "label"
    }, {
        "type": "Line",
        "sourceId": "node-70357032",
        "targetId": "node-20233888",
        "sourceEndPointUuid": "node-70357032-out-3624026",
        "targetEndPointUuid": "node-20233888-out-258365",
        "label": "label"
    }, {
        "type": "Line",
        "sourceId": "node-70357032",
        "targetId": "node-45883148",
        "sourceEndPointUuid": "node-70357032-out-3624026",
        "targetEndPointUuid": "node-45883148-out-3086396",
        "label": "label"
    }, {
        "type": "Line",
        "sourceId": "node-61422046",
        "targetId": "node-76729998",
        "sourceEndPointUuid": "node-61422046-out-2396848",
        "targetEndPointUuid": "node-76729998-out-7631960",
        "label": "label"
    }, {
        "type": "Line",
        "sourceId": "node-61422046",
        "targetId": "node-26808238",
        "sourceEndPointUuid": "node-61422046-out-2396848",
        "targetEndPointUuid": "node-26808238-out-4301204",
        "label": "label"
    }]
}
