[{"id":"233324443","icon":"fa fa-folder","name":"应用名称一","children":[{"id":"2333233","name":"交易码yt32333"},{"id":"23337233","name":"交易码yt6455"},{"id":"23337233","name":"交易码ct6455"}]},
{"id":"2333244433","icon":"fa fa-folder","name":"应用名称二","children":[{"id":"2333565233","name":"交易码vtb33233"},{"id":"23337233","name":"交易码g6455"},{"id":"23337233","name":"交易码f36455"}]},
{"id":"2333244413","icon":"fa fa-folder","name":"应用名称三","children":[{"id":"2333733","name":"交易码hjb33233"},{"id":"23337233","name":"交易码gty6455"},{"id":"23337233","name":"交易码fhj36455"}]}]