[{
    "type": "Rect",
    "nodeId": "node-23052440",
    "nodeStyle": {
        "x": 784,
        "y": 75,
        "width": 96,
        "height": 70,
        "borderWidth": "4px",
        "borderColor": "rgb(4, 41, 177)",
        "borderRadius": "4px",
        "background": "rgb(22, 133, 252)",
        "font": {
            "fontSize": "12px",
            "color": "rgb(255, 255, 255)",
            "fontWeight": "400"
        }
    },
    "sourceEndPoint": [{
        "type": "source",
        "position": "Right",
        "uuid": "node-23052440-out-7957465"
    }],
    "targetEndPoint": [{
        "uuid": "node-23052440-in-3167724",
        "type": "target",
        "position": "Left"
    }],
    "scope": "scope",
    "content": "Http Server",
    "propertys": {
        "name": "33",
        "port": 0,
        "host": "0.0.0.0",
        "backlog": 0,
        "workerCount": 4
    },
    "groupId": "24860457491821800001"
}, {
    "type": "Prismatic",
    "nodeId": "node-49799058",
    "nodeStyle": {
        "x": 954,
        "y": 252,
        "width": 227,
        "height": 161,
        "borderWidth": 4,
        "borderColor": "rgb(255, 0, 0)",
        "borderRadius": "0px",
        "background": "rgb(221, 221, 221)",
        "font": {
            "fontSize": "12px",
            "color": "rgb(0, 0, 0)",
            "fontWeight": "400"
        }
    },
    "sourceEndPoint": [{
        "type": "source",
        "position": "Right",
        "uuid": "node-49799058-out-4337588"
    }],
    "targetEndPoint": [{
        "type": "target",
        "position": "Left",
        "uuid": "node-49799058-out-8164290"
    }],
    "scope": "scope",
    "content": "WebService Server",
    "propertys": {},
    "groupId": "24873096693110300026"
}, {
    "type": "Ellipse",
    "nodeId": "node-22329156",
    "nodeStyle": {
        "x": 514,
        "y": 226,
        "width": 96,
        "height": 70,
        "borderWidth": "2px",
        "borderColor": "rgb(51, 51, 51)",
        "borderRadius": "0px",
        "background": "rgb(255, 255, 255)",
        "font": {
            "fontSize": "12px",
            "color": "rgb(0, 0, 0)",
            "fontWeight": "400"
        }
    },
    "sourceEndPoint": [{
        "type": "source",
        "position": "Right",
        "uuid": "node-22329156-out-7572867"
    }],
    "targetEndPoint": [{
        "type": "target",
        "position": "Left",
        "uuid": "node-22329156-out-7076726"
    }],
    "scope": "scope",
    "content": "ActiveMQ Serevr",
    "propertys": {
        "username": "333",
        "password": "333",
        "host": "333",
        "port": 0
    },
    "groupId": "24872625893810300008"
}, {
    "type": "Line",
    "sourceId": "node-22329156",
    "targetId": "node-23052440",
    "sourceEndPointUuid": "node-22329156-out-7572867",
    "targetEndPointUuid": "node-23052440-in-3167724",
    "label": "label"
}, {
    "type": "Line",
    "sourceId": "node-23052440",
    "targetId": "node-49799058",
    "sourceEndPointUuid": "node-23052440-out-7957465",
    "targetEndPointUuid": "node-49799058-out-8164290",
    "label": "label"
}, {
    "type": "Line",
    "sourceId": "node-49799058",
    "targetId": "node-22329156",
    "sourceEndPointUuid": "node-49799058-out-4337588",
    "targetEndPointUuid": "node-22329156-out-7076726",
    "label": "label"
}]
