{ "id": "23337233", "name": "交易码g6455", "icon": "fa fa-circle-o", "width": 2000, "height": 1000, "flow": [ { "type": "Ellipse", "nodeId": "node-97280975", "nodeStyle": { "x": 33, "y": 176, "width": 120, "height": 70, "borderWidth": "3px", "borderColor": "rgb(21, 1, 52)", "borderRadius": "0px", "background": "rgb(13, 1, 45)", "font": { "fontSize": "14px", "color": "rgb(255, 255, 255)", "fontWeight": "400" } }, "sourceEndPoint": [ { "type": "source", "position": "Right", "uuid": "node-97280975-out-8921176" } ], "targetEndPoint": [], "scope": "scope", "content": "Redis Server", "propertys": { "host": "3", "port": "3" }, "groupId": "24872593185910300007" }, { "type": "Prismatic", "nodeId": "node-29813302", "nodeStyle": { "x": 344, "y": 81, "width": 120, "height": 70, "borderWidth": 3, "borderColor": "rgb(21, 1, 52)", "borderRadius": "0px", "background": "rgb(243, 246, 248)", "font": { "fontSize": "14px", "color": "rgb(0, 0, 0)", "fontWeight": "400" } }, "sourceEndPoint": [ { "type": "source", "position": "Right", "uuid": "node-29813302-out-6975464" } ], "targetEndPoint": [ { "type": "target", "position": "Left", "uuid": "node-29813302-out-8419423" } ], "scope": "scope", "content": "Http Server Common", "propertys": { "name": "3", "port": "3", "host": "0.0.0.0", "backlog": "33" }, "groupId": "24871316890010300001" }, { "type": "Ellipse", "nodeId": "node-39559104", "nodeStyle": { "x": 339, "y": 284, "width": 120, "height": 70, "borderWidth": "3px", "borderColor": "rgb(21, 1, 52)", "borderRadius": "0px", "background": "rgb(243, 246, 248)", "font": { "fontSize": "14px", "color": "rgb(13, 1, 45)", "fontWeight": "400" } }, "sourceEndPoint": [ { "type": "source", "position": "Right", "uuid": "node-39559104-out-1762631" } ], "targetEndPoint": [ { "uuid": "node-39559104-in-9442320", "type": "target", "position": "Left" } ], "scope": "scope", "content": "DataBase", "propertys": { "name": "33", "url": "3", "username": "3", "password": "3", "initialSize": "5", "maxActive": "20", "minIdle": "5", "connectionpool": "druid " }, "groupId": "24870870259010300000" }, { "type": "Rect", "nodeId": "node-84888524", "nodeStyle": { "x": 653, "y": 183, "width": 120, "height": 70, "borderWidth": "3px", "borderColor": "rgb(21, 1, 52)", "borderRadius": "0px", "background": "rgb(243, 246, 248)", "font": { "fontSize": "14px", "color": "rgb(13, 1, 45)", "fontWeight": "400" } }, "sourceEndPoint": [], "targetEndPoint": [ { "uuid": "node-84888524-in-3666587", "type": "target", "position": "Left" } ], "scope": "scope", "content": "Kafka Server", "propertys": {}, "groupId": "24873196129910300005" }, { "type": "Ellipse", "nodeId": "node-53727854", "nodeStyle": { "x": 34, "y": 317, "width": 120, "height": 70, "borderWidth": "3px", "borderColor": "rgb(21, 1, 52)", "borderRadius": "0px", "background": "rgb(243, 246, 248)", "font": { "fontSize": "14px", "color": "rgb(13, 1, 45)", "fontWeight": "400" } }, "sourceEndPoint": [ { "type": "source", "position": "Right", "uuid": "node-53727854-out-8373592" } ], "targetEndPoint": [], "scope": "scope", "content": "SSH", "propertys": { "username": "4", "password": "4", "host": "4", "port": "4", "timeout": "30000", "keyType": "ssh-rsa" }, "groupId": "24872262463310300003" }, { "type": "Line", "sourceId": "node-97280975", "targetId": "node-29813302", "sourceEndPointUuid": "node-97280975-out-8921176", "targetEndPointUuid": "node-29813302-out-8419423", "label": "label1" }, { "type": "Line", "sourceId": "node-97280975", "targetId": "node-39559104", "sourceEndPointUuid": "node-97280975-out-8921176", "targetEndPointUuid": "node-39559104-in-9442320", "label": "label3" }, { "type": "Line", "sourceId": "node-29813302", "targetId": "node-84888524", "sourceEndPointUuid": "node-29813302-out-6975464", "targetEndPointUuid": "node-84888524-in-3666587", "label": "label2" }, { "type": "Line", "sourceId": "node-39559104", "targetId": "node-84888524", "sourceEndPointUuid": "node-39559104-out-1762631", "targetEndPointUuid": "node-84888524-in-3666587", "label": "label4" }, { "type": "Line", "sourceId": "node-53727854", "targetId": "node-39559104", "sourceEndPointUuid": "node-53727854-out-8373592", "targetEndPointUuid": "node-39559104-in-9442320", "label": "label5" }, { "type": "note", "value": [ { "id": "38611539308149445", "text": "们提供了通用的项目模板，你可以直接使用。对于 Laravel 用户，我们也准备了相应的模板，同样可以直接下载使用。\n\n如果不希望使用我们提供的模板，请继续阅读" }, { "id": "94781539308254936", "text": "你可以引入整个 Element，或是根据需要仅引入部分组件。我们先介绍如何引入完整的 Element。" } ] } ] }