﻿{"id":"24871433794310300000","name":"Quartz","type":"components","attribute":[{"name":"name","lable":"name","type":"text","defaultValue":null,"required":0,"description":"名称","sourceId":null,"sourceData":null},{"name":"cron","lable":"cron","type":"text","defaultValue":null,"required":1,"description":"表达式","sourceId":null,"sourceData":null},{"name":"groupName","lable":"groupName","type":"text","defaultValue":null,"required":0,"description":"调度器组名","sourceId":null,"sourceData":null},{"name":"repeatCount","lable":"repeatCount","type":"number","defaultValue":null,"required":0,"description":"重复次数","sourceId":null,"sourceData":null},{"name":"repeatInterval","lable":"repeatInterval","type":"number","defaultValue":null,"required":0,"description":"重复触发间隔时间","sourceId":null,"sourceData":null}],"dependence":"feature:install camel-quartz2\nquartz2://timerName?options\nquartz2://groupName/timerName?options\nquartz2://groupName/timerName?cron=expression\nquartz2://timerName?cron=expression","minimumVersion":"1.0.0","description":"使用调度器提供消息的计划传递"}
