﻿{"id":"24872625893810300008","name":"ActiveMQ Serevr","type":"connectors","attribute":[{"name":"username","lable":"username","type":"text","defaultValue":null,"required":0,"description":"用户名","sourceId":null,"sourceData":null},{"name":"password","lable":"password","type":"text","defaultValue":null,"required":0,"description":"登陆密码","sourceId":null,"sourceData":null},{"name":"host","lable":"host","type":"text","defaultValue":null,"required":0,"description":"主机地址","sourceId":null,"sourceData":null},{"name":"port","lable":"port","type":"number","defaultValue":null,"required":0,"description":"主机端口","sourceId":null,"sourceData":null}],"dependence":"feature:install camel-amqp\nfeature:install camel-jms","minimumVersion":"1.0.0","description":"ActiveMQ连接池"}
