﻿{"id":"24871964037410300007","name":"FreeMarker","type":"components","attribute":[{"name":"path","lable":"path","type":"text","defaultValue":null,"required":0,"description":"模板路径","sourceId":null,"sourceData":null},{"name":"contentCache","lable":"contentCache","type":"boolean","defaultValue":null,"required":0,"description":"是否缓存","sourceId":null,"sourceData":null}],"dependence":"feature:install camel-freemarker\nfreemarker:templateName[?options]","minimumVersion":"1.0.0","description":"用FreeMarke模板生成响应"}
