﻿{"id":"24872137803510300001","name":"PDF","type":"components","attribute":[{"name":"operation","lable":"operation","type":"select","defaultValue":null,"required":0,"description":"操作","sourceId":null,"sourceData":"[{\"key\":\"create\",\"value\":\"create\"},{\"key\":\"append\",\"value\":\"append\"},{\"key\":\"extractText\",\"value\":\"extractText\"}]"}],"dependence":"pdf:operation[?options]","minimumVersion":"1.0.0","description":"提供了从PDF文档创建、修改或提取内容的能力。这个组件使用Apache PDFBox作为底层库来处理PDF文档。"}
