﻿{"id":"24872645901810300009","name":"MongoDB Serevr","type":"connectors","attribute":[{"name":"host","lable":"host","type":"text","defaultValue":null,"required":0,"description":"主机地址","sourceId":null,"sourceData":null},{"name":"port","lable":"port","type":"number","defaultValue":null,"required":0,"description":"主机端口","sourceId":null,"sourceData":null},{"name":"username","lable":"username","type":"text","defaultValue":null,"required":1,"description":"数据库用户名","sourceId":null,"sourceData":null},{"name":"password","lable":"password","type":"text","defaultValue":null,"required":0,"description":"数据库密码","sourceId":null,"sourceData":null}],"dependence":"feature:install camel-mongodb","minimumVersion":"1.0.0","description":"MongoDB连接池"}
