﻿{"id":"24870870259010300000","name":"DataBase","type":"connectors","attribute":[{"name":"name","lable":"name","type":"text","defaultValue":null,"required":0,"description":"名称","sourceId":null,"sourceData":null},{"name":"connectionpool","lable":"connectionpool","type":"select","defaultValue":null,"required":0,"description":"连接池类型","sourceId":null,"sourceData":"[{\"value\":\"druid \",\"key\":\"druid \"},{\"value\":\"dbcp\",\"key\":\"dbcp\"}]"},{"name":"url","lable":"url","type":"text","defaultValue":null,"required":0,"description":"JDBC连接URL","sourceId":null,"sourceData":null},{"name":"username","lable":"username","type":"text","defaultValue":null,"required":0,"description":"数据库用户名","sourceId":null,"sourceData":null},{"name":"password","lable":"password","type":"text","defaultValue":null,"required":0,"description":"数据库密码","sourceId":null,"sourceData":null},{"name":"initialSize","lable":"initialSize","type":"number","defaultValue":"5","required":0,"description":"连接池初始值","sourceId":null,"sourceData":null},{"name":"maxActive","lable":"maxActive","type":"number","defaultValue":"20","required":0,"description":"连接池最大值","sourceId":null,"sourceData":null},{"name":"minIdle","lable":"minIdle","type":"number","defaultValue":"5","required":0,"description":"连接池最小值","sourceId":null,"sourceData":null}],"dependence":"org.apache.commons.dbcp.BasicDataSource\ncom.alibaba.druid.pool.DruidDataSource\ninstall -s mvn:commons-dbcp/commons-dbcp/1.4\ninstall -s wrap:mvn:com.alibaba/druid/1.0.9","minimumVersion":"1.0.0","description":"数据库连接池"}
