﻿{"id":"24871698691610300003","name":"Email","type":"components","attribute":[{"name":"username","lable":"username","type":"text","defaultValue":null,"required":0,"description":"邮箱用户名","sourceId":null,"sourceData":null},{"name":"password","lable":"password","type":"text","defaultValue":null,"required":0,"description":"邮箱密码","sourceId":null,"sourceData":null},{"name":"host","lable":"host","type":"text","defaultValue":null,"required":0,"description":"发件服务器地址","sourceId":null,"sourceData":null},{"name":"port","lable":"port","type":"number","defaultValue":null,"required":0,"description":"发件服务器地址端口","sourceId":null,"sourceData":null},{"name":"to","lable":"to","type":"text","defaultValue":null,"required":0,"description":"收件人","sourceId":null,"sourceData":null},{"name":"replyTo","lable":"replyTo","type":"text","defaultValue":null,"required":0,"description":"回复人","sourceId":null,"sourceData":null},{"name":"CC","lable":"CC","type":"text","defaultValue":null,"required":0,"description":"抄送人","sourceId":null,"sourceData":null},{"name":"BCC","lable":"BCC","type":"text","defaultValue":null,"required":0,"description":"暗送人","sourceId":null,"sourceData":null},{"name":"from","lable":"from","type":"text","defaultValue":null,"required":0,"description":"发件人","sourceId":null,"sourceData":null},{"name":"subject","lable":"subject","type":"text","defaultValue":null,"required":0,"description":"邮件主题","sourceId":null,"sourceData":null},{"name":"contentType","lable":"contentType","type":"select","defaultValue":"text/plain","required":0,"description":"内容内型","sourceId":null,"sourceData":"[{\"key\":\"text/html\",\"value\":\"text/html\"},{\"key\":\"text/plain\",\"value\":\"text/plain\"}]"}],"dependence":"karaf@root> feature:install camel-mail\nsmtp://[username@]host[:port][?options]\npop3://[username@]host[:port][?options]\nimap://[username@]host[:port][?options]\nsmtp://host[:port]?password=somepwd&username=someuser\nsmtp://[username@]host[:port][?password=somepwd]\n","minimumVersion":"1.0.0","description":"邮件发送组件"}
