﻿{
    "id": "24871282837510300000",
    "name": "Jdbc",
    "type": "components",
    "attribute": [{
        "name": "dataSource",
        "lable": "dataSource",
        "type": "select",
        "defaultValue": null,
        "required": 0,
        "description": "数据源",
        "sourceId": null,
        "sourceData": "[{\"key\":\"dd\",\"value\":\"dd\"}]"
    }],
    "dependence": "feature:install camel-jdbc",
    "minimumVersion": "1.0.0",
    "description": "用于执行JDBC查询和操作"
}
