﻿{"id":"24871905209910300006","name":"Exec","type":"components","attribute":[{"name":"args","lable":"args","type":"text","defaultValue":null,"required":0,"description":"选项","sourceId":null,"sourceData":null},{"name":"timeout","lable":"timeout","type":"number","defaultValue":"long.max_value","required":0,"description":"超时","sourceId":null,"sourceData":null}],"dependence":"feature:install camel-exec\nexec://executable[?options]\nexec:java?args=-server -version\nexec:ant.bat?args=-f CamelExecBuildFile.xml","minimumVersion":"1.0.0","description":"用于执行系统命令"}
