﻿{"id":"24871505478410300001","name":"MongoDB","type":"components","attribute":[{"name":"name","lable":"name","type":"text","defaultValue":null,"required":0,"description":"名称","sourceId":null,"sourceData":null},{"name":"collection","lable":"collection","type":"text","defaultValue":null,"required":0,"description":null,"sourceId":null,"sourceData":null},{"name":"operation","lable":"operation","type":"text","defaultValue":null,"required":0,"description":null,"sourceId":null,"sourceData":null}],"dependence":"feature:install camel-mongodb\nmongodb:connectionBean?database=databaseName&collection=collectionName&operation=operationName[&moreOptions...]","minimumVersion":"1.0.0","description":"MongoDB数据库连接"}
