﻿{
    "id": "24872392789910300004",
    "name": "WebSocket Server",
    "type": "connectors",
    "attribute": [{
        "name": "host",
        "lable": "host",
        "type": "text",
        "defaultValue": "0.0.0.0",
        "required": 0,
        "description": "主机地址",
        "sourceId": null,
        "sourceData": null
    }, {
        "name": "port",
        "lable": "port",
        "type": "number",
        "defaultValue": "9292",
        "required": 0,
        "description": "主机端口",
        "sourceId": null,
        "sourceData": null
    }, {
        "name": "path",
        "lable": "path",
        "type": "text",
        "defaultValue": null,
        "required": 0,
        "description": "访问路径",
        "sourceId": null,
        "sourceData": null
    }, {
        "name": "sendToAll",
        "lable": "sendToAll",
        "type": "text",
        "defaultValue": null,
        "required": 0,
        "description": null,
        "sourceId": null,
        "sourceData": null
    }, {
        "name": "maxIdleTime",
        "lable": "maxIdleTime",
        "type": "number",
        "defaultValue": "300000",
        "required": 0,
        "description": "最大闲置时间",
        "sourceId": null,
        "sourceData": null
    }, {
        "name": "bufferSize",
        "lable": "bufferSize",
        "type": "number",
        "defaultValue": "8192",
        "required": 0,
        "description": "缓冲区大小",
        "sourceId": null,
        "sourceData": null
    }],
    "dependence": "feature:install camel-websocket\nwebsocket://hostname[:port][/resourceUri][?options]",
    "minimumVersion": "1.0.0",
    "description": "搭建一个WebSocket服务器"
}
