[{
		"type": "Rect",
		"nodeId": "node0",
		"nodeStyle": {
			"x": 40,
			"y": 340,
			"width": 116,
			"height": 160,
			"borderWidth": "2px",
			"borderColor": ""
		},
		"sourceEndPoint": [{
			"uuid": "node1-out",
			"type": "output",
			"position": ""
		}],
		"targetEndPoint": [

		]
	},
	{
		"type": "Rect",
		"nodeId": "node1",
		"nodeStyle": {
			"x": 140,
			"y": 140,
			"width": 216,
			"height": 60,
			"borderWidth": "2px",
			"borderColor": ""
		},
		"sourceEndPoint": [{
			"uuid": "node1-out",
			"type": "output",
			"position": ""
		}],
		"targetEndPoint": [

		]
	},
	{
		"type": "Prismatic",
		"nodeId": "node2",
		"nodeStyle": {
			"x": 420,
			"y": 20,
			"width": 166,
			"height": 96,
			"borderWidth": "2px",
			"borderColor": "",
			"background": "#fff"
		},
		"sourceEndPoint": [

		],
		"targetEndPoint": [{
			"uuid": "node2-in",
			"type": "input",
			"position": "topCenter"
		}]
	},
	{
		"type": "Rect",
		"nodeId": "node3",
		"nodeStyle": {
			"x": 320,
			"y": 140,
			"width": 156,
			"height": 60,
			"borderWidth": "2px",
			"borderColor": ""
		},
		"sourceEndPoint": [

		],
		"targetEndPoint": [{
			"uuid": "node3-in",
			"type": "input",
			"position": ""
		}]
	},
	{
		"type": "Ellipse",
		"nodeId": "node4",
		"nodeStyle": {
			"x": 320,
			"y": 260,
			"width": 156,
			"height": 76,
			"borderWidth": "2px",
			"borderColor": "",
			"background": "#fff "
		},
		"sourceEndPoint": [

		],
		"targetEndPoint": [{
			"uuid": "node4-in",
			"type": "input",
			"position": ""
		}]
	},
	{
		"type": "Line",
		"sourceId": "node1",
		"targetId": "node3",
		"sourceEndPointUuid": "node1-out",
		"targetEndPointUuid": "node3-in",
		"label": "3333333"
	},
	{
		"type": "Line",
		"sourceId": "node1",
		"targetId": "node2",
		"sourceEndPointUuid": "node1-out",
		"targetEndPointUuid": "node2-in",
		"label": "323e"
	},
	{
		"type": "Line",
		"sourceId": "node1",
		"targetId": "node4",
		"sourceEndPointUuid": "node1-out",
		"targetEndPointUuid": "node4-in",
		"label": "323e"
	}
]