[ { "type": "Rect", "nodeId": "node-4082623", "nodeStyle": { "width": 76.01704, "height": 42.01704, "x": 358.99147033691406, "y": 47.997154235839844, "borderWidth": "4px", "borderColor": "rgb(221, 17, 17)", "background": "rgb(135, 33, 33)", "borderRadius": "9px" }, "sourceEndPoint": [ { "uuid": "node-4082623-out-2692816", "type": "source", "position": "Right" } ], "targetEndPoint": [ { "uuid": "node-4082623-in-7874423", "type": "target", "position": "Left" } ], "scope": "scope", "content": "<div class=\"node-example-content\"><span class=\"node-example-text\">节点-4082623{{aa}}{{cc}}</span></div>", "propertys": [ { "key": "aa", "value": "测试属性" }, { "key": "cc", "value": "测试属性1" } ] }, { "type": "Rect", "nodeId": "node-52868137", "nodeStyle": { "x": 70.99430847167969, "y": 91.98863220214844, "width": 97.02272, "height": 79.02272, "borderWidth": "2px", "borderColor": "rgb(102, 102, 102)", "borderRadius": "0px", "background": "rgb(255, 255, 255)" }, "sourceEndPoint": [ { "uuid": "node-52868137-out-6068385", "type": "source", "position": "Right" }, { "uuid": "node-52868137-out-8480448", "type": "source", "position": "Bottom" } ], "targetEndPoint": [], "scope": "scope", "content": "<div class=\"node-example-content\"><span class=\"node-example-text\">节点-52868137</span></div>", "propertys": [] }, { "type": "Rect", "nodeId": "node-83117024", "nodeStyle": { "x": 1124.75, "y": 396, "width": 99, "height": 66, "borderWidth": "2px", "borderColor": "rgb(102, 102, 102)", "borderRadius": "0px", "background": "rgb(255, 255, 255) none repeat scroll 0% 0% / auto padding-box border-box" }, "sourceEndPoint": [], "targetEndPoint": [ { "uuid": "node-83117024-in-7270224", "type": "target", "position": "Left" }, { "uuid": "node-83117024-in-9201461", "type": "target", "position": "Top" } ], "scope": "scope", "content": "<div class=\"node-example-content\"><span class=\"node-example-text\">node-83117024</span></div>", "propertys": [] }, { "type": "Rect", "nodeId": "node-10161805", "nodeStyle": { "x": 785, "y": 177, "width": 99, "height": 66, "borderWidth": "2px", "borderColor": "rgb(102, 102, 102)", "borderRadius": "0px", "background": "rgb(255, 255, 255) none repeat scroll 0% 0% / auto padding-box border-box" }, "sourceEndPoint": [ { "uuid": "node-10161805-out-6553075", "type": "source", "position": "Right" } ], "targetEndPoint": [ { "uuid": "node-10161805-in-1535175", "type": "target", "position": "Left" } ], "scope": "scope", "content": "<div class=\"node-example-content\"><span class=\"node-example-text\">node-10161805</span></div>", "propertys": [] }, { "type": "Prismatic", "nodeId": "node-18521690", "nodeStyle": { "x": 497, "y": 423, "width": 151, "height": 90, "borderWidth": "2px", "borderColor": "rgb(102, 102, 102)", "borderRadius": "0px", "background": "rgb(255, 255, 255)" }, "sourceEndPoint": [ { "uuid": "node-18521690-out-3808594", "type": "source", "position": "Right" } ], "targetEndPoint": [ { "uuid": "node-18521690-in-9340356", "type": "target", "position": "Left" }, { "uuid": "node-18521690-in-2379180", "type": "target", "position": "Top" } ], "scope": "scope", "content": "<div class=\"node-example-content\"><span class=\"node-example-text\">node-18521690</span></div>", "propertys": [] }, { "type": "Prismatic", "nodeId": "node-80828273", "nodeStyle": { "width": 129, "height": 78, "x": 480.00001525878906, "y": 220, "borderWidth": "10px", "borderColor": "#EB2626", "background": "#6C1818" }, "sourceEndPoint": [ { "uuid": "node-80828273-out-4737334", "type": "source", "position": "Bottom" } ], "targetEndPoint": [ { "uuid": "node-80828273-in-8461444", "type": "target", "position": "Top" } ], "scope": "scope", "content": "<div class=\"node-example-content\"><span class=\"node-example-text\">node-80828273</span></div>", "propertys": [] }, { "type": "Ellipse", "nodeId": "node-64434010", "nodeStyle": { "x": 795.0000152587891, "y": 306.9886169433594, "width": 97.02272, "height": 66.02272, "borderWidth": "2px", "borderColor": "rgb(102, 102, 102)", "borderRadius": "0px", "background": "rgb(255, 255, 255)" }, "sourceEndPoint": [ { "uuid": "node-64434010-out-4901500", "type": "source", "position": "Right" } ], "targetEndPoint": [ { "uuid": "node-64434010-in-3495963", "type": "target", "position": "Left" } ], "scope": "scope", "content": "<div class=\"node-example-content\"><span class=\"node-example-text\">node-64434010</span></div>", "propertys": [] }, { "type": "Line", "sourceId": "node-52868137", "targetId": "node-4082623", "sourceEndPointUuid": "node-52868137-out-6068385", "targetEndPointUuid": "node-4082623-in-7874423", "label": "线路4" }, { "type": "Line", "sourceId": "node-4082623", "targetId": "node-10161805", "sourceEndPointUuid": "node-4082623-out-2692816", "targetEndPointUuid": "node-10161805-in-1535175", "label": "线路3" }, { "type": "Line", "sourceId": "node-10161805", "targetId": "node-83117024", "sourceEndPointUuid": "node-10161805-out-6553075", "targetEndPointUuid": "node-83117024-in-9201461", "label": "线路1" }, { "type": "Line", "sourceId": "node-18521690", "targetId": "node-83117024", "sourceEndPointUuid": "node-18521690-out-3808594", "targetEndPointUuid": "node-83117024-in-7270224", "label": "线路3" }, { "type": "Line", "sourceId": "node-52868137", "targetId": "node-18521690", "sourceEndPointUuid": "node-52868137-out-8480448", "targetEndPointUuid": "node-18521690-in-9340356", "label": "线路2" }, { "type": "Line", "sourceId": "node-4082623", "targetId": "node-80828273", "sourceEndPointUuid": "node-4082623-out-2692816", "targetEndPointUuid": "node-80828273-in-8461444", "label": "label" }, { "type": "Line", "sourceId": "node-80828273", "targetId": "node-18521690", "sourceEndPointUuid": "node-80828273-out-4737334", "targetEndPointUuid": "node-18521690-in-2379180", "label": "label" }, { "type": "Line", "sourceId": "node-80828273", "targetId": "node-64434010", "sourceEndPointUuid": "node-80828273-out-4737334", "targetEndPointUuid": "node-64434010-in-3495963", "label": "label" }, { "type": "Line", "sourceId": "node-64434010", "targetId": "node-83117024", "sourceEndPointUuid": "node-64434010-out-4901500", "targetEndPointUuid": "node-83117024-in-7270224", "label": "label" } ]
