[ { "type": "Rect", "nodeId": "node-4082623", "nodeStyle": { "width": 87, "height": 54, "x": 359, "y": 48, "borderWidth": "2px", "borderColor": "rgb(102, 102, 102)", "background": "rgb(255, 255, 255) none repeat scroll 0% 0% / auto padding-box border-box" }, "sourceEndPoint": [ { "uuid": "node-4082623-out-2692816", "type": "source", "position": "Right" } ], "targetEndPoint": [ { "uuid": "node-4082623-in-7874423", "type": "target", "position": "Left" } ], "scope": "scope", "content": "<div class=\"node-example-content\"><span class=\"node-example-text\">节点-4082623{{aa}}{{cc}}</span></div>", "propertys": [ { "key": "aa", "value": "测试属性" }, { "key": "cc", "value": "测试属性1" } ] }, { "type": "Rect", "nodeId": "node-52868137", "nodeStyle": { "x": 71, "y": 92, "width": 132, "height": 142, "borderWidth": "2px", "borderColor": "rgb(102, 102, 102)", "background": "rgb(255, 255, 255) none repeat scroll 0% 0% / auto padding-box border-box" }, "sourceEndPoint": [ { "uuid": "node-52868137-out-6068385", "type": "source", "position": "Right" }, { "uuid": "node-52868137-out-8480448", "type": "source", "position": "Bottom" } ], "targetEndPoint": [], "scope": "scope", "content": "<div class=\"node-example-content\"><span class=\"node-example-text\">节点-52868137</span></div>", "propertys": [] }, { "type": "Rect", "nodeId": "node-83117024", "nodeStyle": { "x": 1124.75, "y": 396, "width": 99, "height": 66, "borderWidth": "2px", "borderColor": "rgb(102, 102, 102)", "background": "rgb(255, 255, 255) none repeat scroll 0% 0% / auto padding-box border-box" }, "sourceEndPoint": [], "targetEndPoint": [ { "uuid": "node-83117024-in-7270224", "type": "target", "position": "Left" }, { "uuid": "node-83117024-in-9201461", "type": "target", "position": "Top" } ], "scope": "scope", "content": "<div class=\"node-example-content\"><span class=\"node-example-text\">node-83117024</span></div>", "propertys": [] }, { "type": "Rect", "nodeId": "node-10161805", "nodeStyle": { "x": 785, "y": 177, "width": 99, "height": 66, "borderWidth": "2px", "borderColor": "rgb(102, 102, 102)", "background": "rgb(255, 255, 255) none repeat scroll 0% 0% / auto padding-box border-box" }, "sourceEndPoint": [ { "uuid": "node-10161805-out-6553075", "type": "source", "position": "Right" } ], "targetEndPoint": [ { "uuid": "node-10161805-in-1535175", "type": "target", "position": "Left" } ], "scope": "scope", "content": "<div class=\"node-example-content\"><span class=\"node-example-text\">node-10161805</span></div>", "propertys": [] }, { "type": "Ellipse", "nodeId": "node-18521690", "nodeStyle": { "x": 497, "y": 423, "width": 151, "height": 90, "borderWidth": "2px", "borderColor": "rgb(102, 102, 102)", "background": "rgb(255, 255, 255) none repeat scroll 0% 0% / auto padding-box border-box" }, "sourceEndPoint": [ { "uuid": "node-18521690-out-3808594", "type": "source", "position": "Right" } ], "targetEndPoint": [ { "uuid": "node-18521690-in-9340356", "type": "target", "position": "Left" }, { "uuid": "node-18521690-in-2379180", "type": "target", "position": "Top" } ], "scope": "scope", "content": "<div class=\"node-example-content\"><span class=\"node-example-text\">node-18521690</span></div>", "propertys": [] }, { "type": "Ellipse", "nodeId": "node-92882257", "nodeStyle": { "x": 512, "y": 210, "width": 97, "height": 66, "borderWidth": "2px", "borderColor": "rgb(102, 102, 102)", "background": "rgb(255, 255, 255) none repeat scroll 0% 0% / auto padding-box border-box" }, "sourceEndPoint": [ { "uuid": "node-92882257-out-9989644", "type": "source", "position": "Bottom" } ], "targetEndPoint": [ { "uuid": "node-92882257-in-8962191", "type": "target", "position": "Top" } ], "scope": "scope", "content": "<div class=\"node-example-content\"><span class=\"node-example-text\">node-92882257</span></div>", "propertys": [] }, { "type": "Line", "sourceId": "node-52868137", "targetId": "node-4082623", "sourceEndPointUuid": "node-52868137-out-6068385", "targetEndPointUuid": "node-4082623-in-7874423", "label": "线路4" }, { "type": "Line", "sourceId": "node-4082623", "targetId": "node-10161805", "sourceEndPointUuid": "node-4082623-out-2692816", "targetEndPointUuid": "node-10161805-in-1535175", "label": "线路3" }, { "type": "Line", "sourceId": "node-10161805", "targetId": "node-83117024", "sourceEndPointUuid": "node-10161805-out-6553075", "targetEndPointUuid": "node-83117024-in-9201461", "label": "线路1" }, { "type": "Line", "sourceId": "node-18521690", "targetId": "node-83117024", "sourceEndPointUuid": "node-18521690-out-3808594", "targetEndPointUuid": "node-83117024-in-7270224", "label": "线路3" }, { "type": "Line", "sourceId": "node-52868137", "targetId": "node-18521690", "sourceEndPointUuid": "node-52868137-out-8480448", "targetEndPointUuid": "node-18521690-in-9340356", "label": "线路2" }, { "type": "Line", "sourceId": "node-4082623", "targetId": "node-92882257", "sourceEndPointUuid": "node-4082623-out-2692816", "targetEndPointUuid": "node-92882257-in-8962191", "label": "label" }, { "type": "Line", "sourceId": "node-92882257", "targetId": "node-18521690", "sourceEndPointUuid": "node-92882257-out-9989644", "targetEndPointUuid": "node-18521690-in-2379180", "label": "label" } ]