[{
    "type": "Rect",
    "nodeId": "node-42227921",
    "nodeStyle": {
        "x": 80,
        "y": 44,
        "width": 120,
        "height": 70,
        "borderWidth": "3px",
        "borderColor": "rgb(21, 1, 52)",
        "borderRadius": "0px",
        "background": "#F3F6F8",
        "font": {
            "fontSize": "14px",
            "color": "rgb(13, 1, 45)",
            "fontWeight": "400"
        }
    },
    "sourceEndPoint": [{
        "type": "source",
        "position": "Right",
        "uuid": "node-42227921-out-1635812"
    }],
    "targetEndPoint": [],
    "content": "Http Server",
    "propertys": {
        "name": "232",
        "port": 1,
        "host": "0.0.0.0",
        "backlog": 2,
        "workerCount": 2
    },
    "groupId": "24860457491821800001"
}, {
    "type": "Ellipse",
    "nodeId": "node-11756056",
    "nodeStyle": {
        "x": 80,
        "y": 320,
        "width": 120,
        "height": 70,
        "borderWidth": "3px",
        "borderColor": "rgb(21, 1, 52)",
        "borderRadius": "0px",
        "background": "rgb(243, 246, 248)",
        "font": {
            "fontSize": "14px",
            "color": "rgb(13, 1, 45)",
            "fontWeight": "400"
        }
    },
    "sourceEndPoint": [{
        "type": "source",
        "position": "Right",
        "uuid": "node-11756056-out-4562229"
    }],
    "targetEndPoint": [{
        "type": "target",
        "position": "Left",
        "uuid": "node-11756056-out-6526493"
    }],
    "content": "Http Server Common",
    "propertys": {
        "name": "2",
        "port": 0,
        "host": "0.0.0.0",
        "backlog": 0
    },
    "groupId": "24871316890010300001"
}, {
    "type": "Prismatic",
    "nodeId": "node-18327813",
    "nodeStyle": {
        "x": 324,
        "y": 196,
        "width": 120,
        "height": 70,
        "borderWidth": 3,
        "borderColor": "rgb(21, 1, 52)",
        "borderRadius": "0px",
        "background": "rgb(243, 246, 248)",
        "font": {
            "fontSize": "14px",
            "color": "rgb(0, 0, 0)",
            "fontWeight": "400"
        }
    },
    "sourceEndPoint": [{
        "type": "source",
        "position": "Right",
        "uuid": "node-18327813-out-2935726"
    }],
    "targetEndPoint": [{
        "type": "target",
        "position": "Left",
        "uuid": "node-18327813-out-5952258"
    }],
    "content": "WebService",
    "propertys": {},
    "groupId": "24873096693110300026"
}, {
    "type": "Rect",
    "nodeId": "node-76875055",
    "nodeStyle": {
        "x": 1080,
        "y": 384,
        "width": 120,
        "height": 70,
        "borderWidth": "3px",
        "borderColor": "rgb(21, 1, 52)",
        "borderRadius": "0px",
        "background": "rgb(243, 246, 248)",
        "font": {
            "fontSize": "14px",
            "color": "rgb(13, 1, 45)",
            "fontWeight": "400"
        }
    },
    "sourceEndPoint": [],
    "targetEndPoint": [{
        "uuid": "node-76875055-in-7737136",
        "type": "target",
        "position": "Left"
    }],
    "content": "Http Server",
    "propertys": {
        "name": "33",
        "port": 0,
        "host": "0.0.0.0",
        "backlog": 1,
        "workerCount": 0
    },
    "groupId": "24860457491821800001"
}, {
    "type": "Prismatic",
    "nodeId": "node-34888704",
    "nodeStyle": {
        "x": 761,
        "y": 309,
        "width": 120,
        "height": 70,
        "borderWidth": 3,
        "borderColor": "rgb(21, 1, 52)",
        "borderRadius": "0px",
        "background": "rgb(243, 246, 248)",
        "font": {
            "fontSize": "14px",
            "color": "rgb(0, 0, 0)",
            "fontWeight": "400"
        }
    },
    "sourceEndPoint": [{
        "type": "source",
        "position": "Right",
        "uuid": "node-34888704-out-383026"
    }],
    "targetEndPoint": [{
        "type": "target",
        "position": "Left",
        "uuid": "node-34888704-out-5335769"
    }],
    "content": "Http Server Common",
    "propertys": {
        "name": "33",
        "port": 0,
        "host": "0.0.0.0",
        "backlog": 0
    },
    "groupId": "24871316890010300001"
}, {
    "type": "Rect",
    "nodeId": "node-12652991",
    "nodeStyle": {
        "x": 408,
        "y": 23,
        "width": 120,
        "height": 70,
        "borderWidth": "3px",
        "borderColor": "rgb(21, 1, 52)",
        "borderRadius": "0px",
        "background": "rgb(13, 1, 45)",
        "font": {
            "fontSize": "14px",
            "color": "rgb(255, 255, 255)",
            "fontWeight": "400"
        }
    },
    "sourceEndPoint": [{
        "type": "source",
        "position": "Right",
        "uuid": "node-12652991-out-2416915"
    }],
    "targetEndPoint": [],
    "content": "Http Server",
    "propertys": {
        "name": "4",
        "port": 0,
        "host": "0.0.0.0",
        "backlog": 0,
        "workerCount": 0
    },
    "groupId": "24860457491821800001"
}, {
    "type": "Ellipse",
    "nodeId": "node-74592120",
    "nodeStyle": {
        "x": 274,
        "y": 421,
        "width": 120,
        "height": 70,
        "borderWidth": "3px",
        "borderColor": "rgb(21, 1, 52)",
        "borderRadius": "0px",
        "background": "rgb(13, 1, 45)",
        "font": {
            "fontSize": "14px",
            "color": "rgb(255, 255, 255)",
            "fontWeight": "400"
        }
    },
    "sourceEndPoint": [{
        "type": "source",
        "position": "Right",
        "uuid": "node-74592120-out-8315098"
    }],
    "targetEndPoint": [],
    "content": "DataBase",
    "propertys": {
        "name": "3",
        "connectionpool": "druid ",
        "url": "3",
        "username": "3",
        "password": "3",
        "initialSize": "5",
        "maxActive": "20",
        "minIdle": "5"
    },
    "groupId": "24870870259010300000"
}, {
    "type": "Prismatic",
    "nodeId": "node-58531190",
    "nodeStyle": {
        "x": 722,
        "y": 31,
        "width": 120,
        "height": 70,
        "borderWidth": 3,
        "borderColor": "rgb(21, 1, 52)",
        "borderRadius": "0px",
        "background": "rgb(13, 1, 45)",
        "font": {
            "fontSize": "14px",
            "color": "rgb(255, 255, 255)",
            "fontWeight": "400"
        }
    },
    "sourceEndPoint": [{
        "type": "source",
        "position": "Right",
        "uuid": "node-58531190-out-4947846"
    }],
    "targetEndPoint": [{
        "type": "target",
        "position": "Left",
        "uuid": "node-58531190-out-8657346"
    }],
    "content": "Http Server Common",
    "propertys": {
        "name": "3",
        "port": 0,
        "host": "0.0.0.0",
        "backlog": 0
    },
    "groupId": "24871316890010300001"
}, {
    "type": "Rect",
    "nodeId": "node-54911964",
    "nodeStyle": {
        "x": 596,
        "y": 463,
        "width": 120,
        "height": 70,
        "borderWidth": "3px",
        "borderColor": "rgb(21, 1, 52)",
        "borderRadius": "0px",
        "background": "rgb(243, 246, 248)",
        "font": {
            "fontSize": "14px",
            "color": "rgb(13, 1, 45)",
            "fontWeight": "400"
        }
    },
    "sourceEndPoint": [{
        "type": "source",
        "position": "Right",
        "uuid": "node-54911964-out-9911635"
    }],
    "targetEndPoint": [{
        "type": "target",
        "position": "Left",
        "uuid": "node-54911964-out-6563831"
    }],
    "content": "<div class='node-mode-wrap'><div class='node-mode-icon'><i class='el-icon-picture-outline'></i></div><div class='node-mode-content'>ActiveMQ Serevr</div></div>",
    "propertys": {
        "username": "44",
        "password": "33",
        "host": "33",
        "port": 0
    },
    "groupId": "24872625893810300008"
}, {
    "type": "Rect",
    "nodeId": "node-98662815",
    "nodeStyle": {
        "x": 529,
        "y": 139,
        "width": 120,
        "height": 70,
        "borderWidth": "3px",
        "borderColor": "rgb(21, 1, 52)",
        "borderRadius": "0px",
        "background": "rgb(13, 1, 45)",
        "font": {
            "fontSize": "14px",
            "color": "rgb(255, 255, 255)",
            "fontWeight": "400"
        }
    },
    "sourceEndPoint": [{
        "type": "source",
        "position": "Right",
        "uuid": "node-98662815-out-8926510"
    }],
    "targetEndPoint": [{
        "type": "target",
        "position": "Left",
        "uuid": "node-98662815-out-7024012"
    }],
    "content": "<div class='node-mode-wrap dark'><div class='node-mode-icon'><i class='el-icon-picture-outline'></i></div><div class='node-mode-content'>WebService Server</div></div>",
    "propertys": {},
    "groupId": "24873096693110300026"
}, {
    "type": "Line",
    "sourceId": "node-42227921",
    "targetId": "node-11756056",
    "sourceEndPointUuid": "node-42227921-out-1635812",
    "targetEndPointUuid": "node-11756056-out-6526493",
    "label": "线路2"
}, {
    "type": "Line",
    "sourceId": "node-11756056",
    "targetId": "node-18327813",
    "sourceEndPointUuid": "node-11756056-out-4562229",
    "targetEndPointUuid": "node-18327813-out-5952258",
    "label": "线路1"
}, {
    "type": "Line",
    "sourceId": "node-34888704",
    "targetId": "node-76875055",
    "sourceEndPointUuid": "node-34888704-out-383026",
    "targetEndPointUuid": "node-76875055-in-7737136",
    "label": "线路4"
}, {
    "type": "Line",
    "sourceId": "node-12652991",
    "targetId": "node-58531190",
    "sourceEndPointUuid": "node-12652991-out-2416915",
    "targetEndPointUuid": "node-58531190-out-8657346",
    "label": "线路9"
}, {
    "type": "Line",
    "sourceId": "node-58531190",
    "targetId": "node-34888704",
    "sourceEndPointUuid": "node-58531190-out-4947846",
    "targetEndPointUuid": "node-34888704-out-5335769",
    "label": "线路3"
}, {
    "type": "Line",
    "sourceId": "node-74592120",
    "targetId": "node-34888704",
    "sourceEndPointUuid": "node-74592120-out-8315098",
    "targetEndPointUuid": "node-34888704-out-5335769",
    "label": "线路5"
}, {
    "type": "Line",
    "sourceId": "node-74592120",
    "targetId": "node-54911964",
    "sourceEndPointUuid": "node-74592120-out-8315098",
    "targetEndPointUuid": "node-54911964-out-6563831",
    "label": "线路6"
}, {
    "type": "Line",
    "sourceId": "node-54911964",
    "targetId": "node-76875055",
    "sourceEndPointUuid": "node-54911964-out-9911635",
    "targetEndPointUuid": "node-76875055-in-7737136",
    "label": "线路7"
}, {
    "type": "Line",
    "sourceId": "node-18327813",
    "targetId": "node-98662815",
    "sourceEndPointUuid": "node-18327813-out-2935726",
    "targetEndPointUuid": "node-98662815-out-7024012",
    "label": "线路8"
}, {
    "type": "Line",
    "sourceId": "node-98662815",
    "targetId": "node-34888704",
    "sourceEndPointUuid": "node-98662815-out-8926510",
    "targetEndPointUuid": "node-34888704-out-5335769",
    "label": "线路10"
}]
